<?xml version='1.0' encoding='utf-8' standalone='yes' ?>
<map>
    <long name="com.rzmod.Raj.classes.cloneTimestamp" value="1757084622405" />
    <long name="com.facebook.appevents.SessionInfo.sessionStartTime" value="1767973262724" />
    <long name="com.facebook.appevents.SessionInfo.sessionEndTime" value="1767973385109" />
    <boolean name="bg_startup_tracing" value="false" />
    <int name="com.facebook.appevents.SessionInfo.interruptionCount" value="5" />
    <int name="com.rzmod.Raj.classes.originalInstallVersionCode" value="5040900" />
    <string name="com.facebook.appevents.SessionInfo.sessionId">30d6fd8e-c08d-4a79-bf3d-d2dc3489702b</string>
</map>
