<?xml version='1.0' encoding='utf-8' standalone='yes' ?>
<map>
    <string name="core_user_identifiers">{&quot;uid&quot;:&quot;285934433&quot;}</string>
    <int name="appVersion" value="5040105" />
    <string name="user_session">{&quot;session_id&quot;:&quot;1a220caa-ce35-4403-a197-37c7f4c19f47&quot;,&quot;start_time&quot;:&quot;2026-01-09T15:41:25.014Z&quot;,&quot;last_interaction_time&quot;:1767973386092}</string>
    <int name="core_module_synced_app_version" value="5040900" />
    <long name="last_event_sync_time" value="1767973389568" />
    <string name="core_debugger_log_config">{&quot;logLevel&quot;:0,&quot;isLoggingEnabled&quot;:false,&quot;expiryTime&quot;:-1}</string>
    <string name="core_device_unique_id">3c7541c8-270a-4b5c-897f-0bbb6ca5dc6d</string>
    <long name="inapp_last_sync_time" value="1767973379" />
    <set name="sent_activity_list">
        <string>com.vlv.aravali.premium.PremiumTabParentActivity</string>
        <string>com.vlv.aravali.payments.common.ui.PaymentFailedActivity</string>
        <string>in.juspay.hypernfc.NfcActivity</string>
        <string>com.vlv.aravali.playerMedia3.ui.PlayerActivity</string>
        <string>com.moengage.pushbase.activities.PushClickDialogTracker</string>
        <string>androidx.compose.ui.tooling.PreviewActivity</string>
        <string>com.vlv.aravali.views.activities.WebViewActivity</string>
        <string>com.vlv.aravali.views.activities.SplashActivity</string>
        <string>com.vlv.aravali.reels.view.v1.ReelsActivity</string>
        <string>com.android.billingclient.api.ProxyBillingActivityV2</string>
        <string>com.vlv.aravali.payments.legacy.ui.activity.SubsCancellationActivity</string>
        <string>com.vlv.aravali.payments.juspay.ui.JuspayPaymentActivity</string>
        <string>com.google.firebase.auth.internal.RecaptchaActivity</string>
        <string>com.vlv.aravali.settings.ui.AccountVerificationActivity</string>
        <string>com.vlv.aravali.payments.legacy.ui.activity.PauseSubscriptionActivity</string>
        <string>com.google.android.gms.ads.OutOfContextTestingActivity</string>
        <string>com.rzmod.Raj.classes.DefaultProvider$MyActivity</string>
        <string>com.moengage.inbox.ui.view.InboxActivity</string>
        <string>com.vlv.aravali.signup.ui.activities.SignupActivity</string>
        <string>com.vlv.aravali.reelsTrailer.view.ReelsTrailerActivity</string>
        <string>com.google.android.gms.ads.AdActivity</string>
        <string>androidx.credentials.playservices.HiddenActivity</string>
        <string>easypay.appinvoke.AnalyticsManagerInfoDisplayActivity</string>
        <string>com.vlv.aravali.onboarding.ui.OnboardingActivity</string>
        <string>com.facebook.FacebookActivity</string>
        <string>com.vlv.aravali.livestream.ui.LiveStreamActivity</string>
        <string>com.moe.pushlibrary.activities.MoEActivity</string>
        <string>com.google.firebase.auth.internal.GenericIdpActivity</string>
        <string>com.facebook.CustomTabMainActivity</string>
        <string>com.vlv.aravali.reviewSubmit.activities.ReviewSubmitActivityV2</string>
        <string>com.moengage.sdk.debugger.MoEDebuggerActivity</string>
        <string>com.google.android.play.core.common.PlayCoreDialogWrapperActivity</string>
        <string>com.vlv.aravali.views.activities.ExpandedImageActivity</string>
        <string>com.moengage.hms.pushkit.PushClickTracker</string>
        <string>com.google.android.gms.ads.NotificationHandlerActivity</string>
        <string>com.vlv.aravali.payments.legacy.ui.activity.LegacyPaymentActivity</string>
        <string>com.vlv.aravali.payments.optimizer.ui.PaymentActivity</string>
        <string>com.google.android.gms.common.api.GoogleApiActivity</string>
        <string>com.vlv.aravali.coins.ui.activities.CoinsPaymentActivity</string>
        <string>com.google.android.gms.auth.api.signin.internal.SignInHubActivity</string>
        <string>com.moengage.cards.ui.CardActivity</string>
        <string>com.moengage.pushbase.internal.activity.PermissionActivity</string>
        <string>com.rzmod.Raj.classes.FakeCamera$FakeCameraActivity</string>
        <string>com.paytm.pgsdk.PaytmPGActivity</string>
        <string>in.juspay.hypersdk.core.CustomtabResult</string>
        <string>com.canhub.cropper.CropImageActivity</string>
        <string>com.facebook.CustomTabActivity</string>
        <string>bin.mt.file.content.MTDataFilesWakeUpActivity</string>
        <string>com.moengage.pushbase.activities.PushTracker</string>
        <string>com.vlv.aravali.stories.ui.LookBackActivity</string>
        <string>com.android.billingclient.api.ProxyBillingActivity</string>
        <string>com.vlv.aravali.views.activities.BaseUIActivity</string>
        <string>com.paytm.pgsdk.AioMatchUserActivity</string>
        <string>androidx.core.google.shortcuts.TrampolineActivity</string>
        <string>com.moengage.inapp.internal.activity.MoEInAppActivity</string>
        <string>com.yellowmessenger.ymchat.YellowBotWebViewActivity</string>
        <string>com.vlv.aravali.master.ui.MasterActivity</string>
        <string>in.juspay.hypersdk.core.CustomtabActivity</string>
    </set>
    <string name="registration_id">cR00-kWrS8C8o_0a6ItOHV:APA91bGt1wCji9X3YOjNaAkGg-JO_Zprs-uU16oVrrWzLHjStD6p9LxZFaPOFwjnpXZQuJenB4Vvl_mEGTMSdWnaX5rP0iqBLSejeiZYKklBdAKHjnCWgX8</string>
    <boolean name="pref_installed" value="true" />
    <boolean name="is_device_registered" value="true" />
    <long name="last_config_sync_time" value="1767973279340" />
    <string name="core_moengage_environment">DEFAULT</string>
    <long name="notification_permission_tracked_time" value="1767973285094" />
    <long name="events_batch_number" value="18" />
    <long name="inapp_api_sync_delay" value="900" />
    <long name="inapp_html_assets_delete_time" value="1767973285" />
    <boolean name="has_registered_for_verification" value="false" />
    <long name="in_app_global_delay" value="900" />
    <string name="APP_UUID">c25d6945-6130-4c91-b7ea-00d52c2e09be</string>
    <string name="user_attribute_unique_id">285934433</string>
</map>
