<?xml version='1.0' encoding='utf-8' standalone='yes' ?>
<map>
    <long name="com.facebook.appevents.SessionInfo.sessionStartTime" value="1767623661633" />
    <long name="com.facebook.appevents.SessionInfo.sessionEndTime" value="1767623849820" />
    <boolean name="bg_startup_tracing" value="false" />
    <int name="com.facebook.appevents.SessionInfo.interruptionCount" value="1" />
    <string name="com.applovin.sdk.impl.isFirstRun">true</string>
    <string name="com.facebook.appevents.SessionInfo.sessionId">cf4f1035-bb40-4145-b795-3bcc2ecce554</string>
</map>
