<?xml version='1.0' encoding='utf-8' standalone='yes' ?>
<map>
    <long name="first_open_time" value="1767623661147" />
    <string name="default_event_parameters">[{&quot;n&quot;:&quot;app_channel&quot;,&quot;v&quot;:&quot;India2&quot;,&quot;t&quot;:&quot;s&quot;}]</string>
    <string name="gmp_app_id">1:685082822972:android:585d2b033698e7702b3639</string>
    <string name="app_instance_id">6a65e93cbc5a6f6f59adfcc5bb7cd5f1</string>
    <boolean name="has_been_opened" value="true" />
    <boolean name="app_backgrounded" value="true" />
    <boolean name="allow_remote_dynamite" value="true" />
    <long name="health_monitor:start" value="1767623765327" />
    <boolean name="use_service" value="true" />
    <boolean name="start_new_session" value="true" />
</map>
