{"url":"https:\/\/webview.unityads.unity3d.com\/webview_test\/4.0.0\/519e8048a6ec108a079d21cb042f9ab0a05fbb17\/release\/index.html","hash":"3868b1c9e815d02305f3073a0faf47daa16e6b4e5713cbd3d1b39f202d736cf9","version":"519e8048a6ec108a079d21cb042f9ab0a05fbb17","dwu":false,"sdkv":"4.0.0","murl":"https:\/\/gateway.unityads.unity3d.com\/legacy\/diagnostics\/v2\/metrics","msr":5,"omn":"Unity3d","omv":"1.3.0","sto":30000,"src":"srvc","expo":{"bsdk_ns":{"value":"non_control"},"bsdk_nsk":{"value":"88"},"osg":{"applied":"current","value":true},"sto":{"value":"30000"},"tsi":{"value":"true"},"tsi_nt":{"value":"true"},"tsi_p":{"value":"true"},"tsi_upii":{"value":"false"},"wgr":{"value":"true"}}}