{"Fid":"fNKyKzLLQUKZtrykY3DBru","Status":3,"AuthToken":"eyJhbGciOiJFUzI1NiIsInR5cCI6IkpXVCJ9.eyJhcHBJZCI6IjE6Njg1MDgyODIyOTcyOmFuZHJvaWQ6NTg1ZDJiMDMzNjk4ZTc3MDJiMzYzOSIsImV4cCI6MTc2ODIyODQ2NCwiZmlkIjoiZk5LeUt6TExRVUtadHJ5a1kzREJydSIsInByb2plY3ROdW1iZXIiOjY4NTA4MjgyMjk3Mn0.AB2LPV8wRgIhAKuFmQ2nZVLKdENZY4ojeaQCY5SUlOcVPEtWC6sgF3EAAiEA4QrQm5VHl_Ghn55_I8nfgv8MmMGyEypfTfMl-5TTx8M","RefreshToken":"3_AS3qfwKuOp93wVqv26bpzkXWBe7TJk0E4MKlkoiEybciFky9g41HnO9xucdSDqbdxrabmO5jVbV60GDmBUnBOuuqVY0r5vdDZXAhAc6mW74TGoo","TokenCreationEpochInSecs":1767623664,"ExpiresInSecs":604800}